Language:	Язык:
English	English
Русский	Русский
Back to Main Menu	В главное меню
Back to Pause Menu	В меню паузы
V I D E O   S E T T I N G S	Н А С Т Р О Й К И   В И Д Е О
- Quick Toggles:	- Быстрый выбор:
Windowed	В окне
Fullscreen	Полный экран
- Resolution Selection:	- Разрешение экрана:
Preset	Готовое
Custom	Своё
Enable VSync	Вертикальная синхронизация
- Two Player Splitscreen Mode:	- Разделение экрана:
Horizontal	По горизонтали
Vertical	По вертикали
Apply	Применить
Width	Ширина
Height	Высота
Confirm	Подтвердить
Cancel	Отмена
Do you wish to proceed?	Продолжить?
Resolution change during an Activity requires ending it.	Чтобы изменить разрешение, нужно завершить текущий режим.
A U D I O   S E T T I N G S	Н А С Т Р О Й К И   З В У К А
- Master:	- Общая громкость:
- Music:	- Музыка:
- Sound Effects:	- Звуковые эффекты:
Mute	Без звука
Mute On Focus Loss?	Отключать звук в фоне
Volume: 50	Громкость: 50
I N P U T   S E T T I N G S	Н А С Т Р О Й К И   У П Р А В Л Е Н И Я
Player 1 Input Device:	Устройство управления игрока 1:
Player 2 Input Device:	Устройство управления игрока 2:
Player 3 Input Device:	Устройство управления игрока 3:
Player 4 Input Device:	Устройство управления игрока 4:
Mouse + Keyboard	Мышь и клавиатура
Configure	Настроить
Reset	Сбросить
Mouse Sensitivity: 100	Чувствительность мыши: 100
Deadzone Type:	Форма мёртвой зоны:
Circle	Круг
Square	Квадрат
Set Keyboard	Назначить клавишу
Set Mouse	Назначить кнопку мыши
Run Config Wizard	Мастер настройки
Press any key on the device you want to use.	Нажмите любую кнопку на нужном устройстве.
Press ESC to cancel device mapping.	Нажмите ESC, чтобы отменить настройку устройства.
Press DELETE to remove existing mapping.	Нажмите DELETE, чтобы удалить назначение.
CAPTURING INPUT FOR:	НАЗНАЧЕНИЕ КНОПКИ:
Press key, button or move stick to map input.	Нажмите клавишу, кнопку или отклоните стик.
Press ESC to cancel input mapping.	Нажмите ESC, чтобы отменить назначение.
G A M E P L A Y   S E T T I N G S	Н А С Т Р О Й К И   И Г Р Ы
Play sound when Fog of War revealed	Звук при открытии тумана войны
Flash screen on Brain damage	Вспышка при ранении мозга
Allow purchases from other factions	Разрешить покупки у других фракций
Allow purchasing items and actors from factions that do not belong to the selected Tech	Разрешить покупать предметы и бойцов других технологий
Endless Conquest mode	Бесконечное завоевание
Show enemy Actor HUDs	Показывать интерфейс вражеских бойцов
Enable Crab Bombs	Включить крабовую бомбу
Smart order menu navigation	Умная навигация по меню приказов
Max unheld items on Scene:	Лимит брошенных предметов на карте:
Crab Bomb threshold:	Порог крабовой бомбы:
Always show item pick-up HUD while in free view	Всегда показывать подсказки предметов в свободном режиме
Unheld items pick-up HUD visibility:	Дальность подсказок брошенных предметов:
< Back	< Назад
> <	> <
Back	Назад
CONFIRM?	ПОДТВЕРДИТЬ?
Custom Resolution OK!	Новое разрешение задано!
Difficulty: Medium	Сложность: средняя
Discard Changes	Отменить изменения
Display Conquest Menu	Открыть меню завоевания
Drop selected item	Бросить выбранный предмет
Equip and reload selected item	Взять и перезарядить предмет
Info:	Сведения:
MOVING or AIMING UP	ДВИЖЕНИЕ ИЛИ ПРИЦЕЛ ВВЕРХ
Or:	Или:
Press button or move stick for:	Нажмите кнопку или отклоните стик:
Recommended:	Рекомендуется:
Round Budget: XXX oz	Бюджет раунда: XXX унц.
S A V E  O R   L O A D   G A M E	С О Х Р А Н И Т Ь   И Л И   З А Г Р У З И Т Ь
S C E N E   I N F O	С В Е Д Е Н И Я   О   С Ц Е Н Е
S E L E C T   A C T I V I T Y	В Ы Б О Р   Р Е Ж И М А
Saved Game Stats	Статистика сохранения
Select Preset:	Выбрать шаблон:
Select from the list of existing save files to overwrite.	Выберите сохранение для перезаписи.
Selected Game Stats	Статистика выбранной игры
Skip >	Пропустить >
Starting Gold: 2000 oz	Стартовое золото: 2000 унц.
Stats here:	Статистика здесь:
Step # of #	Шаг # из #
The team that owns this Site	Команда, владеющая этой точкой
The total funds of this player	Общие средства игрока
To end the game, all players must hold Backspace.	Чтобы завершить игру, все игроки должны удерживать Backspace.
To restart the game, all players must hold Backslash (\).	Чтобы перезапустить игру, все игроки должны удерживать Backslash (\).
Tooltip goes here.	Здесь будет подсказка.
Type in a name for a new and unique save file.	Введите новое имя для файла сохранения.
Use Multi-Displays	Использовать несколько экранов
Useful information here, keep it to two lines please	Здесь отображается полезная информация. Не более двух строк.
Using Terrain:	Рельеф:
Version Number	Номер версии
Whether a clear path to orbit is required to place brain units.	Нужно ли свободное пространство до орбиты для высадки мозга.
Whether pre-placed scene units will be deployed or not.	Высаживать ли заранее размещённых на карте бойцов.
Whether the scene is covered with fog of war or not.	Будет ли карта покрыта туманом войны.
Whether to have your base automatically designed or not. Any plans you manually place will take priority and be built before the automatic blueprints are bought.	Автоматически ли проектировать базу. Ваши чертежи будут приоритетными и построятся раньше автоматических.
Show/Hide useful information	Показать или скрыть сведения
The native Tech of a player decides what set of ships, bodies, weapons, and tools will be affordable to him. Any other item from a Tech not native to this player will be still available. Additional Techs can be loaded from installed mods.	Технология игрока определяет доступные ему корабли, бойцов, оружие и инструменты. Предметы других технологий также доступны. Дополнительные технологии могут добавляться модами.
The native Tech of a player decides what set of ships, bodies, weapons, and tools that will be affordable to him. Any other item from a Tech not native to this player will be still available, but very expensive. Additional Techs can be loaded from installed mods.	Технология игрока определяет доступные ему корабли, бойцов, оружие и инструменты. Предметы других технологий также доступны, но стоят дороже. Дополнительные технологии могут добавляться модами.
How much gold each human player starts the game with in their TradeStar bank vault.	Сколько золота получит каждый игрок в хранилище TradeStar в начале игры.
How much gold each player starts the game with in their TradeStar bank vault.	Сколько золота получит каждый игрок в хранилище TradeStar в начале игры.
How much gold to allocate to this budget of your total funds.	Сколько средств из общего запаса выделить на этот бюджет.
Lets you manually design your base and defenses at this site. The blueprints you place here are actually only built during the building phase of each turn IF you have allocated enough defense budget to this site for that turn.	Позволяет вручную спроектировать базу и оборону в этой точке. Чертежи будут построены на этапе строительства, если на этот ход выделен достаточный бюджет.
Progress to the next phase of this Day. You can also use Space or Start to do this.	Перейти к следующему этапу дня. Также можно нажать Space или Start.
Returns to the Main Menu without ending your Conquest. You can set control and audio settings and return to your game without problems.	Вернуться в главное меню, не завершая завоевание. Можно изменить управление и звук, а затем продолжить игру.
Scans the site immediately, so surface terrain is revealed before you make final decisions for this turn.	Немедленно просканировать точку и открыть рельеф до принятия решений на этот ход.
Schedules a scan for the next time you actually visit this place, however much later that may be.	Назначить сканирование на следующий визит в это место.
This sets the baseline total number of brains that each player will start with. When all brains of all players are deployed, the game is over and the team with most owned gold sites wins.	Задаёт начальное количество мозгов у каждого игрока. Когда все мозги высажены, побеждает команда, владеющая большим числом золотых точек.
This determines the total number of sites that will eventually be revealed on the planet. Note that only a subset of all the sites loaded into the game will be available, even in the largest game. This helps make every Conquest a unique experience.	Определяет, сколько точек будет открыто на планете. Даже в большой игре доступна лишь часть загруженных точек, поэтому каждое завоевание будет отличаться.
This sets the difficulty of Conquest.	Задаёт сложность режима «Завоевание».
Select the control of the first player.	Выберите способ управления первого игрока.
Select the control of the second player.	Выберите способ управления второго игрока.
Select the control of the third player.	Выберите способ управления третьего игрока.
Select the control of the fourth player.	Выберите способ управления четвёртого игрока.
Select the team of the first player. Multiple players can be on the same team for co-op.	Выберите команду первого игрока. В совместной игре несколько игроков могут быть в одной команде.
Select the team of the second player. Multiple players can be on the same team for co-op.	Выберите команду второго игрока. В совместной игре несколько игроков могут быть в одной команде.
Select the team of the third player. Multiple players can be on the same team for co-op.	Выберите команду третьего игрока. В совместной игре несколько игроков могут быть в одной команде.
Select the team of the fourth player. Multiple players can be on the same team for co-op.	Выберите команду четвёртого игрока. В совместной игре несколько игроков могут быть в одной команде.
Select the brain count handicap for the first player. This will add or subtract brains from this initial pool, making it easier or harder for him to win the game.	Настройте преимущество первого игрока: добавьте или уберите мозги из начального запаса, чтобы изменить сложность игры.
Select the brain count handicap for the second player. This will add or subtract brains from this initial pool, making it easier or harder for him to win the game.	Настройте преимущество второго игрока: добавьте или уберите мозги из начального запаса, чтобы изменить сложность игры.
Select the brain count handicap for the third player. This will add or subtract brains from this initial pool, making it easier or harder for him to win the game.	Настройте преимущество третьего игрока: добавьте или уберите мозги из начального запаса, чтобы изменить сложность игры.
Select the brain count handicap for the fourth player. This will add or subtract brains from this initial pool, making it easier or harder for him to win the game.	Настройте преимущество четвёртого игрока: добавьте или уберите мозги из начального запаса, чтобы изменить сложность игры.
Name of the first player.	Имя первого игрока.
Name of the second player.	Имя второго игрока.
Name of the third player.	Имя третьего игрока.
Name of the fourth player.	Имя четвёртого игрока.
The team of this brain taking action in the current battle event.	Команда мозга, участвующего в текущем бою.
The specific brain that is taking action in the current battle event.	Мозг, участвующий в текущем бою.
The team of this player	Команда этого игрока
A C T I V I T Y   C O N F I G U R A T I O N	Н А С Т Р О Й К А   Р Е Ж И М А
C O N N E C T   T O   S E R V E R	П О Д К Л Ю Ч Е Н И Е   К   С Е Р В Е Р У
N E T W O R K   P L A Y E R - T E A M   A S S I G N M E N T :	Р А С П Р Е Д Е Л Е Н И Е   И Г Р О К О В   П О   К О М А Н Д А М:
Configure Manually:	Настроить вручную:
Configuring device type:	Настройка типа устройства:
DISCLAIMER: mods and any global scripts may cause performance degradation, unbalancing, game exploitation, crashes and extreme fun. Use wisely and be prepared to face the consequences.	ВНИМАНИЕ: моды и глобальные скрипты могут снизить производительность, нарушить баланс, вызвать сбои и подарить массу впечатлений. Используйте с умом.
Far Backdrop:	Дальний фон:
Mid Backdrop:	Средний фон:
Near Backdrop:	Ближний фон:
P L A Y E R   #   I N P U T   C O N F I G U R A T I O N	Н А С Т Р О Й К А   У П Р А В Л Е Н И Я   И Г Р О К А   #
P L A Y E R   #   I N P U T   M A P P I N G	Н А З Н А Ч Е Н И Е   К Н О П О К   И Г Р О К А   #
Player 1 +100 oz	Игрок 1 +100 унц.
Player 2 +100 oz	Игрок 2 +100 унц.
Player 3 +100 oz	Игрок 3 +100 унц.
Player 4 +100 oz	Игрок 4 +100 унц.
Scene Name	Название сцены
Dual Analog	Два стика
DualShock 4	DualShock 4
D-Pad	Крестовина
SNES	SNES
Xbox 360	Xbox 360
[Left Stick Right]	[Правый стик вправо]
[Right Arrow]	[Стрелка вправо]
or	или
Apply Changes	Применить изменения
Are you sure you want to delete this savegame?	Удалить это сохранение?
Are you sure you want to overwrite this savegame?	Перезаписать это сохранение?
Assign human players\nto at least one team!	Назначьте хотя бы одного игрока\nв одну из команд!
Building Bases	Строительство баз
COMMAND MENU	МЕНЮ КОМАНД
Connection failed. Check console for error messages.	Не удалось подключиться. Подробности смотрите в консоли.
Continue	Продолжить
Counting Incomes	Подсчёт доходов
Difficulty: Cake	Сложность: проще некуда
Difficulty: Easy	Сложность: лёгкая
Difficulty: Hard	Сложность: высокая
Difficulty: Nuts	Сложность: безумная
Difficulty: Nuts!	Сложность: безумная!
Enable Mod	Включить мод
Enable Script	Включить скрипт
End of Day	Конец дня
Enter a name for your savegame.	Введите имя сохранения.
Game saved successfully!	Игра сохранена.
Game Intro	Вступление
Game Not Started	Игра не началась
Game Over	Игра окончена
Good Game!	Хорошая игра!
Human	Игрок
Load object named 	Загрузить объект с именем 
New Day	Новый день
New Sites Found	Найдены новые точки
Next	Далее
No Activity selected.	Режим не выбран.
Not Playing:	Не участвует:
Orbital scan scheduled	Орбитальное сканирование назначено
Resolution Multiplier is not a valid number!	Некорректный множитель разрешения!
Save Anyway	Всё равно сохранить
Save your new Assembly first?	Сначала сохранить сборку?
Save your new Object first?	Сначала сохранить объект?
Save your new Scene first?	Сначала сохранить сцену?
Skip	Пропустить
Skip Intro	Пропустить вступление
Start New	Начать заново
Start Turn	Начать ход
Start!	Начать!
Sure you want to quit to OS?\nAny unsaved progress\nwill be lost!	Выйти из игры?\nНесохранённый прогресс\nбудет потерян!
The currently played activity does not allow saving.	В этом режиме нельзя сохранять игру.
The team that is in the lead (in owned sites - or gold, if tied)\nand has brains left to deploy has won the mining contract for this planet!	Команда, владеющая большим числом точек (или имеющая больше золота при равенстве)\nи сохранившая мозги для высадки, получает контракт на добычу на этой планете!
There is a game going!\nAny unsaved progress\nin it will be lost!	Игра уже идёт!\nНесохранённый прогресс\nбудет потерян!
There is an on-planet battle\ncurrently underway!\nThe progress in it will NOT be saved here;\nyou will have to re-play it\nif you load this game later!	На планете идёт бой!\nЕго прогресс здесь НЕ сохранится.\nЕсли позже загрузить игру,\nбой придётся начать заново!
Unavailable	Недоступно
Unlimited	Без ограничений
Player 	Игрок 
Volume: 	Громкость: 
Mouse Sensitivity: 	Чувствительность мыши: 
Stick Deadzone: 	Мёртвая зона стика: 
Will save in 	Будет сохранено в 
Need 1 Human	Нужен один игрок
Need 2 Players	Нужно два игрока
Need 2 Teams	Нужно две команды
Screen shake strength:	Сила тряски экрана:
100%	100%
M I S C .   S E T T I N G S	П Р О Ч И Е   Н А С Т Р О Й К И
Skip intro	Пропускать вступление
Show tooltips	Показывать подсказки
Show progress report during loading	Показывать ход загрузки
Show advanced performance stats	Подробная статистика производительности
Measure module loading time	Измерять время загрузки модулей
Use monospace console font	Моноширинный шрифт консоли
Disable faction themes	Отключить темы фракций
Disable faction theme cursors	Отключить курсоры тем фракций
Scene background auto-scaling:	Масштабирование фона сцены:
Disabled	Отключено
Stretch to fit screen	Растянуть по размеру экрана
Always upscaled	Всегда увеличивать
Video	Видео
Audio	Звук
Input	Управление
Gameplay	Игра
Misc.	Прочее
Conquest	Завоевание
Scenario Battle	Сценарий
Saved Games	Сохранения
Mod Manager	Моды
Game Editors	Редакторы
Credits	Авторы
Exit	Выход
Scene Editor	Редактор сцен
Area Editor	Редактор областей
Assembly Editor	Редактор сборок
Gibbing Editor	Редактор обломков
Actor Viewer	Просмотр бойцов
C R E D I T S :	А В Т О Р Ы:
Campaign Notice:	Внимание:
Play Tutorial	Обучение
Continue to Conquest	Продолжить завоевание
Game in progress! Quit to OS?	Игра продолжается! Выйти?
Quit	Выйти
Resume Game	Продолжить игру
Resume	Продолжить
Start Game	Начать игру
Load Game	Загрузить игру
Load	Загрузить
Save	Сохранить
Delete	Удалить
Close	Закрыть
Done	Готово
Yes	Да
No	Нет
N/A	Н/Д
Medium	Средняя
Easy	Лёгкая
Hard	Сложная
Difficulty	Сложность
Settings	Настройки
Build	Сборка
Craft	Техника
Bodies	Бойцы
Mecha	Мехи
Tools	Инструменты
Guns	Оружие
Bombs	Взрывчатка
Shields	Щиты
Loadouts	Наборы
Cargo	Груз
Delivered via	Доставка:
Passengers:	Пассажиры:
Mass:	Масса:
Cost: 0 oz	Цена: 0 унц.
BUY	КУПИТЬ
CLEAR	ОЧИСТИТЬ
Technology	Технология
Control	Управление
Player Name	Имя игрока
Team	Команда
Handicap	Преимущество
Game Length: 10 brains	Продолжительность: 10 мозгов
Game Size: 4/24 sites	Размер мира: 4/24 точки
Game Message	Сообщение игры
SCENE INFO:	СВЕДЕНИЯ О СЦЕНЕ:
Scan Site	Сканировать точку
Design Base	Спроектировать базу
Save Conquest	Сохранить завоевание
Load Conquest	Загрузить завоевание
New Conquest	Новое завоевание
Quit Program	Выйти из игры
End Turn	Завершить ход
Resume Conquest	Продолжить завоевание
Round 1	Раунд 1
Now	Сейчас
Later	Позже
Auto	Авто
Start Here	Начать здесь
Create New	Создать
Create Save	Создать сохранение
Overwrite Save	Перезаписать сохранение
Delete Save	Удалить сохранение
Load Save	Загрузить сохранение
Save Name	Имя сохранения
New Save:	Новое сохранение:
Overwrite:	Перезаписать:
Overwrite existing Scene of name:	Перезаписать сцену с именем:
Overwrite existing Assembly of name:	Перезаписать сборку с именем:
Overwrite existing Object of name:	Перезаписать объект с именем:
Scene Name:	Название сцены:
Object Name:	Название объекта:
Assembly Name:	Название сборки:
Name of new Area:	Название новой области:
Add	Добавить
Areas in Scene	Области сцены
Delete Area	Удалить область
Module:	Модуль:
Create in Module:	Создать в модуле:
Will be saved to Module:	Будет сохранено в модуль:
S A V E   F I R S T ?	С Н А Ч А Л А   С О Х Р А Н И Т Ь ?
O V E R W R I T E ?	П Е Р Е З А П И С А Т Ь ?
Do you want to save your changes to	Сохранить изменения в
The number of brains available for deployment	Количество доступных для высадки мозгов
AI Skill	Навык ИИ
Team 1 AI skill	Навык ИИ команды 1
Team 1 AI Difficulty	Сложность ИИ команды 1
Not playing:	Не участвует:
Connect to Server	Подключиться к серверу
Player name:	Имя игрока:
LAN server:	Локальный сервер:
Direct LAN connection	Прямое подключение по локальной сети
STATUS GOES HERE	СОСТОЯНИЕ ПОДКЛЮЧЕНИЯ
S E L E C T   A C T I V I T Y :	В Ы Б О Р   Р Е Ж И М А:
S E L E C T   S C E N E :	В Ы Б О Р   К А Р Т Ы:
NETWORK PLAYER-TEAM ASSIGNMENT:	НАЗНАЧЕНИЕ ИГРОКОВ В КОМАНДЫ:
Description Here:	Описание:
Starting Gold:	Стартовое золото:
Not Playing	Не участвует
Fog of War	Туман войны
Deploy units	Высадить бойцов
Clear path to orbit required	Нужен свободный путь на орбиту
Save or Load Game	Сохранить или загрузить игру
The number of brains available for deployment.	Количество мозгов, доступных для высадки.
Team 1 Name:	Название команды 1:
Team 2 Name:	Название команды 2:
Team 3 Name:	Название команды 3:
Team 4 Name:	Название команды 4:
Load this object:	Загрузить этот объект:
Item Description:	Описание предмета:
Scene to Load:	Сцена для загрузки:
S A V E   S C E N E	С О Х Р А Н Е Н И Е   С Ц Е Н Ы
L O A D   S C E N E	З А Г Р У З К А   С Ц Е Н Ы
S A V E   O B J E C T	С О Х Р А Н Е Н И Е   О Б Ъ Е К Т А
N E W   O B J E C T	Н О В Ы Й   О Б Ъ Е К Т
L O A D   O B J E C T	З А Г Р У З К А   О Б Ъ Е К Т А
N E W   A R E A	Н О В А Я   О Б Л А С Т Ь
N E W   S C E N E	Н О В А Я   С Ц Е Н А
N E W   C A M P A I G N :	Н О В А Я   К А М П А Н И Я:
L O A D   C A M P A I G N :	З А Г Р У З К А   К А М П А Н И И:
S A V E   C A M P A I G N :	С О Х Р А Н Е Н И Е   К А М П А Н И И:
G A M E   M E N U :	М Е Н Ю   И Г Р Ы:
G A M E   S T A T S :	С Т А Т И С Т И К А   И Г Р Ы:
M O D   &   S C R I P T   M A N A G E R	У П Р А В Л Е Н И Е   М О Д А М И   И   С К Р И П Т А М И
Mod Modules	Модули модов
Disable Mod	Отключить мод
Global Scripts	Глобальные скрипты
Disable Script	Отключить скрипт
Use Multiple Displays	Использовать несколько экранов
3	3
4	4
10/10	10/10
1000/1000	1000/1000
1000	1000
2000 oz	2000 унц.
10000 oz	10000 унц.
25 meters	25 метров
Need 	Нужно 
Step 	Шаг 
- Locked CPU Team -	- Команда компьютера заблокирована -
A B G oz Action	А Б В унц. Действие
Difficulty:	Сложность:
- CONSOLE IN READ-ONLY MODE! -	- КОНСОЛЬ ТОЛЬКО ДЛЯ ЧТЕНИЯ! -
- NO BRAINS TO DEPLOY -	- НЕТ МОЗГОВ ДЛЯ ВЫСАДКИ -
- NO PLAYER -	- НЕТ ИГРОКА -
- Orbital scan scheduled -	- Орбитальное сканирование назначено -
Config Complete	Настройка завершена
DROP DEVICE	БРОСИТЬ ПРЕДМЕТ
FIRE / ACTIVATE	СТРЕЛЯТЬ / ИСПОЛЬЗОВАТЬ
FIRE or ACTIVATE	СТРЕЛЯТЬ ИЛИ ИСПОЛЬЗОВАТЬ
Hidden	Скрыто
JUMP	ПРЫЖОК
MOVE DOWN or CROUCH	ДВИЖЕНИЕ ВНИЗ ИЛИ ПРИСЕСТЬ
MOVE DOWN or PRONE	ДВИЖЕНИЕ ВНИЗ ИЛИ ЛЕЧЬ
MOVE LEFT	ДВИЖЕНИЕ ВЛЕВО
MOVE RIGHT	ДВИЖЕНИЕ ВПРАВО
MOVE UP or JUMP	ДВИЖЕНИЕ ВВЕРХ ИЛИ ПРЫЖОК
MOVE or AIM DOWN	ДВИЖЕНИЕ ИЛИ ПРИЦЕЛ ВНИЗ
MOVE or AIM UP	ДВИЖЕНИЕ ИЛИ ПРИЦЕЛ ВВЕРХ
NEXT BODY	СЛЕДУЮЩИЙ БОЕЦ
NEXT DEVICE	СЛЕДУЮЩИЙ ПРЕДМЕТ
NOT ENOUGH FUNDS!	НЕДОСТАТОЧНО СРЕДСТВ!
PREVIOUS BODY	ПРЕДЫДУЩИЙ БОЕЦ
PREVIOUS DEVICE	ПРЕДЫДУЩИЙ ПРЕДМЕТ
PRIMARY ACTOR HOTKEY	БЫСТРАЯ КЛАВИША ОСНОВНОГО БОЙЦА
PRIMARY WEAPON HOTKEY	БЫСТРАЯ КЛАВИША ОСНОВНОГО ОРУЖИЯ
PICK UP DEVICE	ПОДОБРАТЬ ПРЕДМЕТ
PIE MENU	КРУГОВОЕ МЕНЮ
PRONE	ЛЕЧЬ
RELOAD WEAPON	ПЕРЕЗАРЯДИТЬ ОРУЖИЕ
RESET ACTIVITY	СБРОСИТЬ РЕЖИМ
RUN	БЕЖАТЬ
SELECT BODY	ВЫБРАТЬ БОЙЦА
SHARP AIM	ТОЧНОЕ ПРИЦЕЛИВАНИЕ
START / PAUSE	СТАРТ / ПАУЗА
AUXILIARY ACTOR HOTKEY	БЫСТРАЯ КЛАВИША ВТОРОГО БОЙЦА
AUXILIARY WEAPON HOTKEY	БЫСТРАЯ КЛАВИША ВТОРОГО ОРУЖИЯ
ANALOG AIM DOWN	АНАЛОГОВОЕ ПРИЦЕЛИВАНИЕ ВНИЗ
ANALOG AIM LEFT	АНАЛОГОВОЕ ПРИЦЕЛИВАНИЕ ВЛЕВО
ANALOG AIM RIGHT	АНАЛОГОВОЕ ПРИЦЕЛИВАНИЕ ВПРАВО
ANALOG AIM UP	АНАЛОГОВОЕ ПРИЦЕЛИВАНИЕ ВВЕРХ
A.I.	ИИ
CROUCH	ПРИСЕСТЬ
All players' brains have been deployed, and so the team with the most\nowned sites (and if tied, the most gold) won the mining contract for this planet!	Все мозги игроков высажены. Команда, владеющая большим числом точек\n(или имеющая больше золота при равенстве), получает контракт на добычу на этой планете!
Community Project\nv	Community Project\nv
Do you want to save your changes to:	Сохранить изменения в:
P L A Y E R   	И Г Р О К   
Player 1	Игрок 1
Player 2	Игрок 2
Player 3	Игрок 3
Player 4	Игрок 4
Resolution width or height lower than the minimum (	Ширина или высота разрешения меньше допустимого минимума (
Scan Site (	Сканировать точку (
Test Area 1	Тестовая область 1
Up to 	До 
[A Button]	[Кнопка A]
[B Button]	[Кнопка B]
[X Button]	[Кнопка X]
[Y Button]	[Кнопка Y]
[D-Pad Down]	[Крестовина вниз]
[D-Pad Left]	[Крестовина влево]
[D-Pad Right]	[Крестовина вправо]
[D-Pad Up]	[Крестовина вверх]
[L. Bumper Button]	[Левый бампер]
[R. Bumper Button]	[Правый бампер]
[L. Stick (Click)]	[Нажатие левого стика]
[L. Stick Down]	[Левый стик вниз]
[L. Stick Left]	[Левый стик влево]
[L. Stick Right]	[Левый стик вправо]
[L. Stick Up]	[Левый стик вверх]
[R. Stick (Click)]	[Нажатие правого стика]
[R. Stick Down]	[Правый стик вниз]
[R. Stick Left]	[Правый стик влево]
[R. Stick Right]	[Правый стик вправо]
[R. Stick Up]	[Правый стик вверх]
[Select Button]	[Кнопка выбора]
[Start Button]	[Кнопка Start]
-1B	-1 млрд.
Bx10	Б×10
CPU	ИИ
Russian	Русский
Discord Rich Presence	Отображать статус в Discord
At the main menu	В главном меню
Playing 	Играет: 
- Observer View -	- РЕЖИМ НАБЛЮДАТЕЛЯ -
Deliver here	Высадить сюда
ETA:	Прибытие:
Empty	Пусто
NOT CONNECTED TO NAT SERVICE	НЕ ПОДКЛЮЧЁН К СЕРВИСУ NAT
NOT IN GAME ACTIVITY	НЕ В ИГРОВОМ РЕЖИМЕ
PING: 	ПИНГ: 
Peak: 	Пик: 
RETURN	НАЗАД
Viewing terrain material layer\nHit Ctrl+M to cycle modes	Просмотр слоя материала рельефа\nНажмите Ctrl+M для смены режима
and then	а затем
